[{"key":"audi-6","id":6,"fipe_name":"Audi","name":"AUDI"},{"key":"bmw-7","id":7,"fipe_name":"BMW","name":"BMW"},{"key":"citroen-13","id":13,"fipe_name":"Citroën","name":"CITROEN"},{"key":"fiat-21","id":21,"fipe_name":"Fiat","name":"FIAT"},{"key":"ford-22","id":22,"fipe_name":"Ford","name":"FORD"},{"key":"gm-chevrolet-23","id":23,"fipe_name":"GM - Chevrolet","name":"CHEVROLET"},{"key":"honda-25","id":25,"fipe_name":"Honda","name":"HONDA"},{"key":"hyundai-26","id":26,"fipe_name":"Hyundai","name":"HYUNDAI"},{"key":"kia-motors-31","id":31,"fipe_name":"Kia Motors","name":"KIA"},{"key":"mercedes-benz-39","id":39,"fipe_name":"Mercedes-Benz","name":"MERCEDES-BENZ"},{"key":"mitsubishi-41","id":41,"fipe_name":"Mitsubishi","name":"MITSUBISHI"},{"key":"nissan-43","id":43,"fipe_name":"Nissan","name":"NISSAN"},{"key":"peugeot-44","id":44,"fipe_name":"Peugeot","name":"PEUGEOT"},{"key":"renault-48","id":48,"fipe_name":"Renault","name":"RENAULT"},{"key":"suzuki-55","id":55,"fipe_name":"Suzuki","name":"SUZUKI"},{"key":"toyota-56","id":56,"fipe_name":"Toyota","name":"TOYOTA"},{"key":"volvo-58","id":58,"fipe_name":"Volvo","name":"VOLVO"},{"key":"vw-volkswagen-59","id":59,"fipe_name":"VW - VolksWagen","name":"VOLKSWAGEN"},{"key":"acura-1","id":1,"fipe_name":"Acura","name":"ACURA"},{"key":"agrale-2","id":2,"fipe_name":"Agrale","name":"AGRALE"},{"key":"alfa-romeo-3","id":3,"fipe_name":"Alfa Romeo","name":"ALFA ROMEO"},{"key":"am-gen-4","id":4,"fipe_name":"AM Gen","name":"AM GEN"},{"key":"asia-motors-5","id":5,"fipe_name":"Asia Motors","name":"ASIA MOTORS"},{"key":"aston-martin-189","id":189,"fipe_name":"ASTON MARTIN","name":"ASTON MARTIN"},{"key":"baby-207","id":207,"fipe_name":"Baby","name":"BABY"},{"key":"brm-8","id":8,"fipe_name":"BRM","name":"BRM"},{"key":"bugre-123","id":123,"fipe_name":"Bugre","name":"BUGRE"},{"key":"cadillac-10","id":10,"fipe_name":"Cadillac","name":"CADILLAC"},{"key":"cbt-jipe-11","id":11,"fipe_name":"CBT Jipe","name":"CBT JIPE"},{"key":"chana-136","id":136,"fipe_name":"CHANA","name":"CHANA"},{"key":"changan-182","id":182,"fipe_name":"CHANGAN","name":"CHANGAN"},{"key":"chery-161","id":161,"fipe_name":"CHERY","name":"CHERY"},{"key":"chrysler-12","id":12,"fipe_name":"Chrysler","name":"CHRYSLER"},{"key":"cross-lander-14","id":14,"fipe_name":"Cross Lander","name":"CROSS LANDER"},{"key":"daewoo-15","id":15,"fipe_name":"Daewoo","name":"DAEWOO"},{"key":"daihatsu-16","id":16,"fipe_name":"Daihatsu","name":"DAIHATSU"},{"key":"dodge-17","id":17,"fipe_name":"Dodge","name":"DODGE"},{"key":"effa-147","id":147,"fipe_name":"EFFA","name":"EFFA"},{"key":"engesa-18","id":18,"fipe_name":"Engesa","name":"ENGESA"},{"key":"envemo-19","id":19,"fipe_name":"Envemo","name":"ENVEMO"},{"key":"ferrari-20","id":20,"fipe_name":"Ferrari","name":"FERRARI"},{"key":"fibravan-149","id":149,"fipe_name":"Fibravan","name":"FIBRAVAN"},{"key":"foton-190","id":190,"fipe_name":"FOTON","name":"FOTON"},{"key":"fyber-170","id":170,"fipe_name":"Fyber","name":"FYBER"},{"key":"geely-199","id":199,"fipe_name":"GEELY","name":"GEELY"},{"key":"great-wall-153","id":153,"fipe_name":"GREAT WALL","name":"GREAT WALL"},{"key":"gurgel-24","id":24,"fipe_name":"Gurgel","name":"GURGEL"},{"key":"hafei-152","id":152,"fipe_name":"HAFEI","name":"HAFEI"},{"key":"isuzu-27","id":27,"fipe_name":"Isuzu","name":"ISUZU"},{"key":"iveco-208","id":208,"fipe_name":"IVECO","name":"IVECO"},{"key":"jac-177","id":177,"fipe_name":"JAC","name":"JAC"},{"key":"jaguar-28","id":28,"fipe_name":"Jaguar","name":"JAGUAR"},{"key":"jeep-29","id":29,"fipe_name":"Jeep","name":"JEEP"},{"key":"jinbei-154","id":154,"fipe_name":"JINBEI","name":"JINBEI"},{"key":"jpx-30","id":30,"fipe_name":"JPX","name":"JPX"},{"key":"lada-32","id":32,"fipe_name":"Lada","name":"LADA"},{"key":"lamborghini-171","id":171,"fipe_name":"LAMBORGHINI","name":"LAMBORGHINI"},{"key":"land-rover-33","id":33,"fipe_name":"Land Rover","name":"LAND ROVER"},{"key":"lexus-34","id":34,"fipe_name":"Lexus","name":"LEXUS"},{"key":"lifan-168","id":168,"fipe_name":"LIFAN","name":"LIFAN"},{"key":"lobini-127","id":127,"fipe_name":"LOBINI","name":"LOBINI"},{"key":"lotus-35","id":35,"fipe_name":"Lotus","name":"LOTUS"},{"key":"mahindra-140","id":140,"fipe_name":"Mahindra","name":"MAHINDRA"},{"key":"maserati-36","id":36,"fipe_name":"Maserati","name":"MASERATI"},{"key":"matra-37","id":37,"fipe_name":"Matra","name":"MATRA"},{"key":"mazda-38","id":38,"fipe_name":"Mazda","name":"MAZDA"},{"key":"mclaren-211","id":211,"fipe_name":"Mclaren","name":"MCLAREN"},{"key":"mercury-40","id":40,"fipe_name":"Mercury","name":"MERCURY"},{"key":"mg-167","id":167,"fipe_name":"MG","name":"MG"},{"key":"mini-156","id":156,"fipe_name":"MINI","name":"MINI"},{"key":"miura-42","id":42,"fipe_name":"Miura","name":"MIURA"},{"key":"plymouth-45","id":45,"fipe_name":"Plymouth","name":"PLYMOUTH"},{"key":"pontiac-46","id":46,"fipe_name":"Pontiac","name":"PONTIAC"},{"key":"porsche-47","id":47,"fipe_name":"Porsche","name":"PORSCHE"},{"key":"ram-185","id":185,"fipe_name":"RAM","name":"RAM"},{"key":"rely-186","id":186,"fipe_name":"RELY","name":"RELY"},{"key":"rolls-royce-195","id":195,"fipe_name":"Rolls-Royce","name":"ROLLS-ROYCE"},{"key":"rover-49","id":49,"fipe_name":"Rover","name":"ROVER"},{"key":"saab-50","id":50,"fipe_name":"Saab","name":"SAAB"},{"key":"saturn-51","id":51,"fipe_name":"Saturn","name":"SATURN"},{"key":"seat-52","id":52,"fipe_name":"Seat","name":"SEAT"},{"key":"shineray-183","id":183,"fipe_name":"SHINERAY","name":"SHINERAY"},{"key":"smart-157","id":157,"fipe_name":"smart","name":"SMART"},{"key":"ssangyong-125","id":125,"fipe_name":"SSANGYONG","name":"SSANGYONG"},{"key":"subaru-54","id":54,"fipe_name":"Subaru","name":"SUBARU"},{"key":"tac-165","id":165,"fipe_name":"TAC","name":"TAC"},{"key":"troller-57","id":57,"fipe_name":"Troller","name":"TROLLER"},{"key":"wake-163","id":163,"fipe_name":"Wake","name":"WAKE"},{"key":"walk-120","id":120,"fipe_name":"Walk","name":"WALK"}]